Date,HomeTeam,AwayTeam,FTHG,FTAG,FTR,HS,AS,HST,AST,HF,AF,HC,AC,HY,AY,HR,AR
2023-08-11,Burnley,Manchester City,0,3,A,6,17,1,8,11,8,6,5,0,0,1,0
2023-08-12,Arsenal,Nottingham Forest,2,1,H,15,6,7,2,12,12,8,3,2,2,0,0
2023-08-12,Bournemouth,West Ham,1,1,D,14,16,5,3,9,14,10,4,1,4,0,0
2023-08-12,Brighton,Luton,4,1,H,27,9,12,3,11,12,6,7,2,2,0,0
2023-08-12,Everton,Fulham,0,1,A,19,9,9,2,12,6,10,4,0,2,0,0
2023-08-12,Sheffield United,Crystal Palace,0,1,A,8,24,1,8,18,11,5,5,3,0,0,0
2023-08-12,Newcastle,Aston Villa,5,1,H,17,16,13,6,12,17,6,5,4,4,0,0
2023-08-13,Brentford,Tottenham Hotspur,2,2,D,11,18,6,6,12,13,3,6,1,4,0,0
2023-08-13,Chelsea,Liverpool,1,1,D,10,13,4,1,5,12,4,4,3,3,0,0
2023-08-14,Manchester United,Wolverhampton Wanderers,1,0,H,15,23,3,6,14,10,8,7,2,3,0,0
2023-08-18,Nottingham Forest,Sheffield United,2,1,H,16,7,4,3,5,9,6,7,2,3,0,0
2023-08-19,Fulham,Brentford,0,3,A,10,17,2,8,13,12,5,5,2,2,1,0
2023-08-19,Liverpool,Bournemouth,3,1,H,26,13,10,5,11,13,10,2,1,3,1,0
2023-08-19,Wolverhampton Wanderers,Brighton,1,4,A,16,16,5,8,14,11,5,3,3,6,1,0
2023-08-19,Tottenham Hotspur,Manchester United,2,0,H,17,22,6,6,9,8,5,6,1,3,0,0
2023-08-19,Manchester City,Newcastle,1,0,H,14,7,4,1,12,11,3,0,1,5,0,0
2023-08-20,Aston Villa,Everton,4,0,H,13,9,7,2,8,12,7,6,3,4,0,0
2023-08-20,West Ham,Chelsea,3,1,H,12,17,6,4,12,9,3,9,2,3,1,0
2023-08-21,Crystal Palace,Arsenal,0,1,A,14,14,2,3,14,10,1,8,2,1,0,1
2023-08-25,Chelsea,Luton,3,0,H,19,11,8,1,15,12,6,4,2,3,0,0
2023-08-26,Bournemouth,Tottenham Hotspur,0,2,A,11,17,3,6,18,11,6,2,1,3,0,0
2023-08-26,Arsenal,Fulham,2,2,D,19,8,11,3,6,5,8,3,0,3,0,1
2023-08-26,Brentford,Crystal Palace,1,1,D,12,15,1,5,9,15,8,6,0,0,0,0
2023-08-26,Everton,Wolverhampton Wanderers,0,1,A,15,11,7,2,10,14,7,0,3,4,0,0
2023-08-26,Manchester United,Nottingham Forest,3,2,H,18,9,9,4,13,11,11,3,4,4,0,1
2023-08-26,Brighton,West Ham,1,3,A,25,12,10,3,10,9,17,4,1,3,0,0
2023-08-27,Burnley,Aston Villa,1,3,A,9,16,2,6,12,11,4,6,2,0,0,0
2023-08-27,Sheffield United,Manchester City,1,2,A,6,30,2,9,11,2,1,12,3,0,0,0
2023-08-27,Newcastle,Liverpool,1,2,A,23,9,8,4,16,10,5,9,1,2,0,1
2023-09-01,Luton,West Ham,1,2,A,16,9,1,3,8,13,9,6,1,1,0,0
2023-09-02,Sheffield United,Everton,2,2,D,13,16,8,6,11,13,4,6,1,2,0,0
2023-09-02,Brentford,Bournemouth,2,2,D,21,12,7,5,6,13,5,2,1,2,0,0
2023-09-02,Burnley,Tottenham Hotspur,2,5,A,16,20,4,10,15,9,7,4,4,3,0,0
2023-09-02,Chelsea,Nottingham Forest,0,1,A,21,7,2,3,10,9,8,0,3,4,0,0
2023-09-02,Manchester City,Fulham,5,1,H,7,6,5,4,12,12,4,5,2,4,0,0
2023-09-02,Brighton,Newcastle,3,1,H,15,9,6,2,14,17,5,3,4,4,0,0
2023-09-03,Crystal Palace,Wolverhampton Wanderers,3,2,H,16,12,11,4,12,12,4,2,1,3,0,0
2023-09-03,Liverpool,Aston Villa,3,0,H,17,9,4,3,12,7,7,3,0,1,0,0
2023-09-03,Arsenal,Manchester United,3,1,H,17,10,5,2,8,7,12,3,2,3,0,0
2023-09-16,Wolverhampton Wanderers,Liverpool,1,3,A,11,16,2,6,10,4,4,4,1,3,0,0
2023-09-16,Aston Villa,Crystal Palace,3,1,H,16,6,5,3,13,9,4,2,5,3,0,0
2023-09-16,Fulham,Luton,1,0,H,13,7,2,2,6,14,6,2,2,2,0,0
2023-09-16,Manchester United,Brighton,1,3,A,14,10,4,8,8,9,8,1,2,2,0,0
2023-09-16,Tottenham Hotspur,Sheffield United,2,1,H,28,7,10,5,13,14,15,2,6,5,0,1
2023-09-16,West Ham,Manchester City,1,3,A,6,29,3,15,7,11,4,11,3,2,0,0
2023-09-16,Newcastle,Brentford,1,0,H,9,11,2,2,8,12,8,3,3,5,0,0
2023-09-17,Bournemouth,Chelsea,0,0,D,13,14,4,6,15,20,1,7,1,5,0,0
2023-09-17,Everton,Arsenal,0,1,A,8,13,1,4,12,10,1,11,1,1,0,0
2023-09-18,Nottingham Forest,Burnley,1,1,D,14,10,4,3,16,10,5,4,2,3,0,1
2023-09-23,Crystal Palace,Fulham,0,0,D,7,10,3,5,10,15,3,2,3,2,0,0
2023-09-23,Luton,Wolverhampton Wanderers,1,1,D,20,3,4,3,12,17,10,1,0,2,0,1
2023-09-23,Manchester City,Nottingham Forest,2,0,H,7,10,4,3,5,17,6,6,3,7,1,0
2023-09-23,Brentford,Everton,1,3,A,12,18,2,6,9,12,1,4,2,2,0,0
2023-09-23,Burnley,Manchester United,0,1,A,12,11,4,4,6,12,9,5,1,2,0,0
2023-09-24,Arsenal,Tottenham Hotspur,2,2,D,13,13,6,5,12,19,11,4,3,4,0,0
2023-09-24,Brighton,Bournemouth,3,1,H,13,12,4,4,12,17,4,4,3,3,0,0
2023-09-24,Chelsea,Aston Villa,0,1,A,10,15,4,7,9,11,5,11,2,3,0,0
2023-09-24,Liverpool,West Ham,3,1,H,22,11,7,4,12,13,7,4,0,2,0,0
2023-09-24,Sheffield United,Newcastle,0,8,A,9,22,1,15,12,8,2,6,3,0,0,0
2023-09-30,Aston Villa,Brighton,6,1,H,19,11,9,3,19,21,1,3,4,4,0,0
2023-09-30,Bournemouth,Arsenal,0,4,A,8,15,1,8,11,10,6,6,0,1,0,0
2023-09-30,Everton,Luton,1,2,A,23,9,5,2,8,10,3,6,0,1,0,0
2023-09-30,Manchester United,Crystal Palace,0,1,A,19,8,4,2,10,8,10,4,3,2,0,0
2023-09-30,Newcastle,Burnley,2,0,H,20,8,8,2,7,15,5,3,1,3,0,0
2023-09-30,West Ham,Sheffield United,2,0,H,20,16,9,2,6,9,7,4,1,1,0,0
2023-09-30,Wolverhampton Wanderers,Manchester City,2,1,H,3,23,1,8,18,12,0,6,5,4,0,0
2023-09-30,Tottenham Hotspur,Liverpool,2,1,H,24,12,8,4,11,17,12,5,5,4,0,2
2023-10-01,Nottingham Forest,Brentford,1,1,D,6,18,1,5,6,10,1,11,1,2,1,0
2023-10-02,Fulham,Chelsea,0,2,A,10,11,3,4,15,12,8,1,1,4,0,0
2023-10-03,Luton,Burnley,1,2,A,18,14,3,4,14,6,7,6,4,2,0,0
2023-10-07,Luton,Tottenham Hotspur,0,1,A,12,15,2,4,16,7,5,6,2,1,0,1
2023-10-07,Burnley,Chelsea,1,4,A,10,9,3,5,11,8,7,3,2,4,0,0
2023-10-07,Everton,Bournemouth,3,0,H,25,11,8,4,14,15,8,7,1,2,0,0
2023-10-07,Fulham,Sheffield United,3,1,H,20,5,6,2,8,10,9,4,1,2,0,0
2023-10-07,Manchester United,Brentford,2,1,H,21,11,8,3,10,17,7,5,0,5,0,0
2023-10-07,Crystal Palace,Nottingham Forest,0,0,D,8,16,2,5,7,12,3,7,0,1,0,0
2023-10-08,Brighton,Liverpool,2,2,D,14,14,3,4,12,20,8,1,1,2,0,0
2023-10-08,West Ham,Newcastle,2,2,D,5,10,3,3,11,18,4,2,3,3,0,0
2023-10-08,Wolverhampton Wanderers,Aston Villa,1,1,D,8,18,3,4,19,9,2,10,2,2,1,0
2023-10-08,Arsenal,Manchester City,1,0,H,12,4,2,1,8,7,5,4,2,3,0,0
2023-10-21,Liverpool,Everton,2,0,H,26,6,6,1,9,9,12,4,1,1,0,1
2023-10-21,Bournemouth,Wolverhampton Wanderers,1,2,A,7,20,4,7,15,10,3,12,2,6,1,0
2023-10-21,Brentford,Burnley,3,0,H,23,6,10,1,14,12,5,5,5,2,0,1
2023-10-21,Manchester City,Brighton,2,1,H,10,5,6,3,9,11,2,2,2,2,1,0
2023-10-21,Newcastle,Crystal Palace,4,0,H,10,17,7,3,7,12,6,8,2,3,0,0
2023-10-21,Nottingham Forest,Luton,2,2,D,19,13,8,4,12,11,4,2,3,0,0,0
2023-10-21,Chelsea,Arsenal,2,2,D,11,13,5,3,7,14,2,7,3,3,0,0
2023-10-21,Sheffield United,Manchester United,1,2,A,12,14,6,5,12,10,5,4,3,1,0,0
2023-10-22,Aston Villa,West Ham,4,1,H,15,14,7,4,9,15,8,7,0,1,0,0
2023-10-23,Tottenham Hotspur,Fulham,2,0,H,15,10,5,3,10,14,3,5,2,0,0,0
2023-10-27,Crystal Palace,Tottenham Hotspur,1,2,A,13,10,3,1,19,11,11,2,2,1,0,0
2023-10-28,Chelsea,Brentford,0,2,A,17,7,2,5,12,7,10,1,1,4,0,0
2023-10-28,Arsenal,Sheffield United,5,0,H,13,2,8,0,9,13,6,1,0,3,0,0
2023-10-28,Bournemouth,Burnley,2,1,H,13,6,6,3,9,12,10,5,2,3,0,0
2023-10-28,Wolverhampton Wanderers,Newcastle,2,2,D,11,13,6,5,13,15,8,7,1,4,0,0
2023-10-29,West Ham,Everton,0,1,A,12,10,2,4,7,11,4,3,4,1,0,0
2023-10-29,Aston Villa,Luton,3,1,H,17,7,6,1,11,10,6,4,3,2,0,0
2023-10-29,Brighton,Fulham,1,1,D,18,10,7,5,12,8,7,3,0,3,0,0
2023-10-29,Liverpool,Nottingham Forest,3,0,H,21,9,8,1,9,13,8,3,2,3,0,0
2023-10-29,Manchester United,Manchester City,0,3,A,7,21,3,10,9,4,7,12,4,1,0,0
2023-11-04,Fulham,Manchester United,0,1,A,18,12,3,5,9,15,9,4,5,2,0,0
2023-11-04,Brentford,West Ham,3,2,H,16,12,4,2,12,14,4,3,1,4,0,0
2023-11-04,Burnley,Crystal Palace,0,2,A,17,4,5,3,9,12,12,1,0,5,0,0
2023-11-04,Everton,Brighton,1,1,D,10,7,4,2,15,5,3,3,4,2,0,0
2023-11-04,Manchester City,Bournemouth,6,1,H,21,5,8,1,8,9,12,1,0,1,0,0
2023-11-04,Sheffield United,Wolverhampton Wanderers,2,1,H,11,10,2,3,13,10,4,4,2,3,0,0
2023-11-04,Newcastle,Arsenal,1,0,H,9,14,2,1,14,9,0,11,5,1,0,0
2023-11-05,Nottingham Forest,Aston Villa,2,0,H,5,13,3,3,6,9,0,10,1,1,0,0
2023-11-05,Luton,Liverpool,1,1,D,8,24,5,6,7,13,4,7,1,1,0,0
2023-11-06,Tottenham Hotspur,Chelsea,1,4,A,8,17,5,8,12,21,1,6,1,5,2,0
2023-11-11,Wolverhampton Wanderers,Tottenham Hotspur,2,1,H,17,6,4,2,19,15,11,3,4,3,0,0
2023-11-11,Arsenal,Burnley,3,1,H,16,8,6,5,8,9,3,3,0,1,1,0
2023-11-11,Crystal Palace,Everton,2,3,A,13,8,4,4,9,18,9,2,1,4,0,0
2023-11-11,Manchester United,Luton,1,0,H,15,10,4,4,9,11,11,3,0,2,0,0
2023-11-11,Bournemouth,Newcastle,2,0,H,19,8,10,5,10,4,6,5,2,1,0,0
2023-11-12,Aston Villa,Fulham,3,1,H,12,9,6,5,4,17,2,2,2,5,0,0
2023-11-12,Brighton,Sheffield United,1,1,D,11,9,6,1,13,16,6,3,3,2,1,0
2023-11-12,Liverpool,Brentford,3,0,H,17,16,10,3,16,12,6,8,1,2,0,0
2023-11-12,West Ham,Nottingham Forest,3,2,H,16,10,6,5,9,12,9,4,2,2,0,0
2023-11-12,Chelsea,Manchester City,4,4,D,17,15,9,10,12,15,3,3,5,3,0,0
2023-11-25,Manchester City,Liverpool,1,1,D,16,8,5,3,9,11,9,6,1,3,0,0
2023-11-25,Burnley,West Ham,1,2,A,11,11,5,3,11,7,4,5,1,3,0,0
2023-11-25,Luton,Crystal Palace,2,1,H,8,16,3,8,15,12,4,5,6,1,0,0
2023-11-25,Newcastle,Chelsea,4,1,H,14,7,5,4,13,19,4,2,4,4,0,1
2023-11-25,Nottingham Forest,Brighton,2,3,A,18,11,5,5,12,7,6,4,2,4,0,1
2023-11-25,Sheffield United,Bournemouth,1,3,A,10,23,2,11,6,8,4,7,4,1,0,0
2023-11-25,Brentford,Arsenal,0,1,A,9,15,3,4,9,7,1,8,1,1,0,0
2023-11-26,Tottenham Hotspur,Aston Villa,1,2,A,18,15,8,5,11,13,9,3,0,4,0,0
2023-11-26,Everton,Manchester United,0,3,A,24,9,6,4,10,8,6,5,3,0,0,0
2023-11-27,Fulham,Wolverhampton Wanderers,3,2,H,12,10,6,6,13,13,6,2,2,2,0,0
2023-12-02,Arsenal,Wolverhampton Wanderers,2,1,H,19,6,6,3,10,10,4,0,1,2,0,0
2023-12-02,Brentford,Luton,3,1,H,27,7,6,1,10,8,7,5,1,2,0,0
2023-12-02,Burnley,Sheffield United,5,0,H,19,6,7,3,9,12,6,1,2,5,0,1
2023-12-02,Nottingham Forest,Everton,0,1,A,13,12,2,3,15,14,4,3,1,0,0,0
2023-12-02,Newcastle,Manchester United,1,0,H,22,8,4,1,6,13,7,3,1,2,0,0
2023-12-03,Bournemouth,Aston Villa,2,2,D,15,11,7,3,16,12,7,7,5,3,0,0
2023-12-03,Chelsea,Brighton,3,2,H,8,18,5,9,16,12,5,8,3,5,1,0
2023-12-03,Liverpool,Fulham,4,3,H,26,9,12,5,6,7,3,4,0,0,0,0
2023-12-03,West Ham,Crystal Palace,1,1,D,9,9,3,2,17,7,2,3,2,0,0,0
2023-12-03,Manchester City,Tottenham Hotspur,3,3,D,18,8,4,4,14,14,10,8,4,4,0,0
2023-12-05,Wolverhampton Wanderers,Burnley,1,0,H,7,12,4,3,11,15,6,8,2,4,0,0
2023-12-05,Luton,Arsenal,3,4,A,6,23,4,9,14,7,3,8,2,1,0,0
2023-12-06,Brighton,Brentford,2,1,H,18,8,7,2,10,8,7,3,3,1,0,0
2023-12-06,Crystal Palace,Bournemouth,0,2,A,16,11,3,4,10,17,3,9,1,3,0,0
2023-12-06,Fulham,Nottingham Forest,5,0,H,14,4,6,1,7,10,6,1,0,1,0,0
2023-12-06,Sheffield United,Liverpool,0,2,A,6,15,1,8,12,8,2,12,2,3,0,0
2023-12-06,Aston Villa,Manchester City,1,0,H,22,2,7,2,13,13,6,0,2,2,0,0
2023-12-06,Manchester United,Chelsea,2,1,H,28,13,9,3,12,12,12,4,4,0,0,0
2023-12-07,Everton,Newcastle,3,0,H,21,13,6,3,18,8,5,2,3,0,0,0
2023-12-07,Tottenham Hotspur,West Ham,1,2,A,23,11,7,5,11,12,8,4,3,3,0,0
2023-12-09,Crystal Palace,Liverpool,1,2,A,8,14,4,2,17,17,6,5,5,2,1,0
2023-12-09,Brighton,Burnley,1,1,D,29,6,11,3,5,8,9,1,0,4,0,0
2023-12-09,Manchester United,Bournemouth,0,3,A,20,10,3,4,7,10,10,4,3,1,0,0
2023-12-09,Sheffield United,Brentford,1,0,H,9,10,4,4,14,13,3,4,5,1,0,0
2023-12-09,Wolverhampton Wanderers,Nottingham Forest,1,1,D,10,8,4,2,9,11,4,3,0,1,0,0
2023-12-09,Aston Villa,Arsenal,1,0,H,10,12,3,5,16,11,3,3,4,2,0,0
2023-12-10,Everton,Chelsea,2,0,H,9,16,5,4,12,12,4,8,2,2,0,0
2023-12-10,Fulham,West Ham,5,0,H,14,9,8,5,5,10,3,6,2,1,0,0
2023-12-10,Luton,Manchester City,1,2,A,4,18,2,6,16,6,6,3,2,1,0,0
2023-12-10,Tottenham Hotspur,Newcastle,4,1,H,23,9,12,3,10,12,3,6,1,3,0,0
2023-12-15,Nottingham Forest,Tottenham Hotspur,0,2,A,15,12,1,6,16,11,6,4,2,4,0,1
2023-12-16,Chelsea,Sheffield United,2,0,H,15,6,6,1,9,14,7,6,1,3,0,0
2023-12-16,Manchester City,Crystal Palace,2,2,D,19,5,9,2,12,9,6,1,1,1,0,0
2023-12-16,Newcastle,Fulham,3,0,H,27,6,10,4,7,12,5,1,0,2,0,1
2023-12-16,Burnley,Everton,0,2,A,14,9,2,6,9,8,8,6,0,1,0,0
2023-12-17,Arsenal,Brighton,2,0,H,26,6,9,1,11,9,10,1,1,3,0,0
2023-12-17,Brentford,Aston Villa,1,2,A,4,15,3,5,19,6,7,12,6,4,1,1
2023-12-17,West Ham,Wolverhampton Wanderers,3,0,H,13,14,4,3,12,15,6,6,3,1,0,0
2023-12-17,Liverpool,Manchester United,0,0,D,34,6,8,1,13,8,12,0,2,4,0,1
2023-12-21,Crystal Palace,Brighton,1,1,D,11,18,3,6,12,11,3,1,5,2,0,0
2023-12-22,Aston Villa,Sheffield United,1,1,D,12,5,4,2,11,16,9,1,3,3,0,0
2023-12-23,West Ham,Manchester United,2,0,H,12,11,5,3,13,15,4,4,2,3,0,0
2023-12-23,Fulham,Burnley,0,2,A,19,7,5,2,5,17,8,6,2,1,0,0
2023-12-23,Luton,Newcastle,1,0,H,16,15,5,2,11,5,6,7,2,1,0,0
2023-12-23,Nottingham Forest,Bournemouth,2,3,A,11,18,5,7,10,10,6,6,0,3,1,0
2023-12-23,Tottenham Hotspur,Everton,2,1,H,13,18,6,8,6,18,3,8,1,4,0,0
2023-12-23,Liverpool,Arsenal,1,1,D,13,13,3,2,13,14,4,5,2,5,0,0
2023-12-24,Wolverhampton Wanderers,Chelsea,2,1,H,14,16,6,5,11,9,10,6,3,5,0,0
2023-12-26,Newcastle,Nottingham Forest,1,3,A,19,15,7,6,10,11,10,2,3,3,0,0
2023-12-26,Bournemouth,Fulham,3,0,H,16,8,4,3,10,10,6,5,0,2,0,0
2023-12-26,Sheffield United,Luton,2,3,A,21,12,6,4,13,13,9,4,5,0,0,0
2023-12-26,Burnley,Liverpool,0,2,A,9,19,0,10,7,10,4,4,2,1,0,0
2023-12-26,Manchester United,Aston Villa,3,2,H,13,10,7,4,10,10,3,6,1,3,0,0
2023-12-27,Brentford,Wolverhampton Wanderers,1,4,A,14,11,4,5,5,14,8,2,1,1,0,0
2023-12-27,Chelsea,Crystal Palace,2,1,H,9,13,4,5,13,16,4,3,3,2,0,0
2023-12-27,Everton,Manchester City,1,3,A,7,23,2,9,13,5,8,4,4,2,0,0
2023-12-28,Brighton,Tottenham Hotspur,4,2,H,15,19,9,3,18,6,7,6,3,2,0,0
2023-12-28,Arsenal,West Ham,0,2,A,30,6,8,3,8,8,10,3,2,0,0,0
2023-12-30,Luton,Chelsea,2,3,A,15,12,6,8,14,21,7,2,2,2,0,0
2023-12-30,Aston Villa,Burnley,3,2,H,19,9,7,5,9,14,6,2,4,1,0,1
2023-12-30,Crystal Palace,Brentford,3,1,H,13,9,6,4,14,10,7,4,0,1,0,0
2023-12-30,Manchester City,Sheffield United,2,0,H,18,4,4,2,5,6,12,2,1,1,0,0
2023-12-30,Wolverhampton Wanderers,Everton,3,0,H,12,10,6,0,9,14,5,2,2,3,0,0
2023-12-30,Nottingham Forest,Manchester United,2,1,H,8,10,2,5,9,11,4,5,2,4,0,0
2023-12-31,Fulham,Arsenal,2,1,H,15,13,4,3,11,10,5,4,4,1,0,0
2023-12-31,Tottenham Hotspur,Bournemouth,3,1,H,12,24,6,4,9,18,4,13,3,3,0,0
2024-01-01,Liverpool,Newcastle,4,2,H,34,5,15,3,16,15,7,3,3,5,0,0
2024-01-02,West Ham,Brighton,0,0,D,6,22,2,8,4,6,2,0,1,0,0,0
2024-01-12,Burnley,Luton,1,1,D,13,14,7,5,7,12,2,8,1,0,0,0
2024-01-13,Chelsea,Fulham,1,0,H,17,14,3,4,13,9,6,4,5,1,0,0
2024-01-13,Newcastle,Manchester City,2,3,A,12,27,5,11,7,7,3,13,1,2,0,0
2024-01-14,Everton,Aston Villa,0,0,D,10,16,2,5,13,14,4,5,1,4,0,0
2024-01-14,Manchester United,Tottenham Hotspur,2,2,D,9,16,2,6,8,5,8,13,2,1,0,0
2024-01-20,Arsenal,Crystal Palace,5,0,H,21,12,6,5,8,12,6,7,0,0,0,0
2024-01-20,Brentford,Nottingham Forest,3,2,H,11,12,5,3,10,14,6,4,1,3,0,0
2024-01-21,Sheffield United,West Ham,2,2,D,21,16,6,5,11,10,4,1,3,1,1,1
2024-01-21,Bournemouth,Liverpool,0,4,A,11,14,1,7,9,12,8,5,1,2,0,0
2024-01-22,Brighton,Wolverhampton Wanderers,0,0,D,11,8,4,3,10,13,8,2,1,4,0,0
2024-01-30,Nottingham Forest,Arsenal,1,2,A,9,19,3,3,6,7,2,11,0,1,0,0
2024-01-30,Fulham,Everton,0,0,D,25,21,6,4,6,13,15,6,1,2,0,0
2024-01-30,Luton,Brighton,4,0,H,18,9,8,2,13,14,7,4,2,2,0,0
2024-01-30,Crystal Palace,Sheffield United,3,2,H,12,9,4,5,8,18,11,1,1,4,0,0
2024-01-30,Aston Villa,Newcastle,1,3,A,12,14,6,5,14,12,8,7,4,1,0,0
2024-01-31,Manchester City,Burnley,3,1,H,14,8,4,3,3,13,7,3,2,2,0,0
2024-01-31,Tottenham Hotspur,Brentford,3,2,H,19,9,5,5,13,15,5,3,2,3,0,0
2024-01-31,Liverpool,Chelsea,4,1,H,28,4,13,3,15,16,8,1,2,4,0,0
2024-02-01,West Ham,Bournemouth,1,1,D,9,9,3,4,13,11,1,5,1,3,0,0
2024-02-01,Wolverhampton Wanderers,Manchester United,3,4,A,16,21,7,8,10,10,4,5,2,5,0,0
2024-02-03,Everton,Tottenham Hotspur,2,2,D,14,9,5,6,8,14,9,5,3,0,0,0
2024-02-03,Brighton,Crystal Palace,4,1,H,13,7,6,5,8,14,3,2,1,3,0,0
2024-02-03,Burnley,Fulham,2,2,D,12,15,4,7,11,7,2,13,2,2,0,0
2024-02-03,Newcastle,Luton,4,4,D,19,11,6,8,13,16,8,2,2,2,0,0
2024-02-03,Sheffield United,Aston Villa,0,5,A,10,14,5,10,10,7,3,4,1,0,0,0
2024-02-04,Bournemouth,Nottingham Forest,1,1,D,9,8,2,6,19,12,11,6,3,2,1,0
2024-02-04,Chelsea,Wolverhampton Wanderers,2,4,A,15,14,6,7,15,11,10,1,3,2,0,0
2024-02-04,Manchester United,West Ham,3,0,H,12,22,5,3,10,5,5,8,0,1,0,0
2024-02-04,Arsenal,Liverpool,3,1,H,15,10,7,1,11,11,2,4,6,2,0,1
2024-02-05,Brentford,Manchester City,1,3,A,9,25,3,15,2,4,8,13,1,0,0,0
2024-02-10,Manchester City,Everton,2,0,H,19,5,3,1,6,11,9,0,0,2,0,0
2024-02-10,Fulham,Bournemouth,3,1,H,7,25,6,4,11,11,1,14,1,2,0,0
2024-02-10,Liverpool,Burnley,3,1,H,25,9,10,4,11,13,9,3,3,2,0,0
2024-02-10,Luton,Sheffield United,1,3,A,20,7,5,3,7,12,13,1,1,2,0,0
2024-02-10,Tottenham Hotspur,Brighton,2,1,H,16,6,6,3,14,13,9,6,2,3,0,0
2024-02-10,Wolverhampton Wanderers,Brentford,0,2,A,17,9,5,6,11,9,7,4,2,3,0,0
2024-02-10,Nottingham Forest,Newcastle,2,3,A,13,7,3,5,9,6,4,4,1,2,0,0
2024-02-11,West Ham,Arsenal,0,6,A,5,25,1,12,17,11,2,6,4,0,0,0
2024-02-11,Aston Villa,Manchester United,1,2,A,23,17,10,5,9,7,10,8,3,2,0,0
2024-02-12,Crystal Palace,Chelsea,1,3,A,13,14,4,5,14,7,1,7,2,2,0,0
2024-02-17,Brentford,Liverpool,1,4,A,15,15,6,8,4,18,1,6,2,1,0,0
2024-02-17,Burnley,Arsenal,0,5,A,8,16,0,7,11,8,4,6,2,1,0,0
2024-02-17,Fulham,Aston Villa,1,2,A,15,12,4,3,11,6,4,4,5,2,0,0
2024-02-17,Newcastle,Bournemouth,2,2,D,17,12,5,7,9,22,4,2,1,3,0,0
2024-02-17,Nottingham Forest,West Ham,2,0,H,19,10,8,3,13,15,5,3,4,4,0,1
2024-02-17,Tottenham Hotspur,Wolverhampton Wanderers,1,2,A,15,12,4,7,8,13,10,4,0,1,0,0
2024-02-17,Manchester City,Chelsea,1,1,D,31,9,5,6,7,12,12,1,1,3,0,0
2024-02-18,Sheffield United,Brighton,0,5,A,6,24,1,10,3,5,5,10,1,4,1,0
2024-02-18,Luton,Manchester United,1,2,A,22,21,4,9,7,21,8,6,3,5,0,0
2024-02-19,Everton,Crystal Palace,1,1,D,19,10,4,4,8,12,3,6,0,2,0,0
2024-02-20,Manchester City,Brentford,1,0,H,25,6,11,2,12,6,10,1,2,4,0,0
2024-02-21,Liverpool,Luton,4,1,H,29,12,13,3,15,14,13,4,1,4,0,0
2024-02-24,Aston Villa,Nottingham Forest,4,2,H,16,10,6,3,7,16,7,2,1,2,0,0
2024-02-24,Brighton,Everton,1,1,D,23,6,7,3,9,14,11,3,2,3,1,0
2024-02-24,Crystal Palace,Burnley,3,0,H,15,2,6,0,8,13,12,3,3,1,0,1
2024-02-24,Manchester United,Fulham,1,2,A,21,17,9,5,6,11,10,9,2,5,0,0
2024-02-24,Bournemouth,Manchester City,0,1,A,13,15,4,6,14,6,3,8,2,2,0,0
2024-02-24,Arsenal,Newcastle,4,1,H,18,3,8,2,15,6,9,0,1,0,0,0
2024-02-25,Wolverhampton Wanderers,Sheffield United,1,0,H,13,12,2,4,8,4,5,6,2,1,0,0
2024-02-26,West Ham,Brentford,4,2,H,17,14,6,8,5,9,1,7,1,2,0,0
2024-03-02,Brentford,Chelsea,2,2,D,14,17,5,6,10,9,0,6,3,1,0,0
2024-03-02,Everton,West Ham,1,3,A,22,12,11,5,9,6,4,5,1,2,0,0
2024-03-02,Fulham,Brighton,3,0,H,12,15,5,5,16,10,2,6,1,2,0,0
2024-03-02,Newcastle,Wolverhampton Wanderers,3,0,H,14,12,7,3,8,11,3,5,0,1,0,0
2024-03-02,Nottingham Forest,Liverpool,0,1,A,8,22,2,2,11,12,3,12,2,2,0,0
2024-03-02,Tottenham Hotspur,Crystal Palace,3,1,H,14,4,6,1,7,16,11,1,1,2,0,0
2024-03-02,Luton,Aston Villa,2,3,A,13,12,5,8,8,19,8,6,1,4,0,0
2024-03-03,Burnley,Bournemouth,0,2,A,20,10,6,3,8,13,7,2,2,4,0,0
2024-03-03,Manchester City,Manchester United,3,1,H,27,3,8,1,5,10,15,2,0,1,0,0
2024-03-04,Sheffield United,Arsenal,0,6,A,4,22,0,10,11,4,0,7,1,0,0,0
2024-03-09,Manchester United,Everton,2,0,H,15,23,8,6,13,11,5,8,1,2,0,0
2024-03-09,Bournemouth,Sheffield United,2,2,D,32,13,12,9,12,11,10,3,3,5,0,0
2024-03-09,Crystal Palace,Luton,1,1,D,21,8,4,2,20,11,8,6,2,3,0,0
2024-03-09,Wolverhampton Wanderers,Fulham,2,1,H,8,23,3,6,7,11,3,4,2,2,0,0
2024-03-09,Arsenal,Brentford,2,1,H,17,9,6,4,9,10,10,4,2,4,0,0
2024-03-10,Aston Villa,Tottenham Hotspur,0,4,A,10,9,1,5,11,15,6,4,0,2,1,0
2024-03-10,Brighton,Nottingham Forest,1,0,H,10,9,3,4,14,14,6,3,4,4,0,0
2024-03-10,West Ham,Burnley,2,2,D,22,11,4,4,11,18,4,4,2,4,0,0
2024-03-10,Liverpool,Manchester City,1,1,D,19,10,6,6,6,10,7,4,0,3,0,0
2024-03-11,Chelsea,Newcastle,3,2,H,12,11,8,3,12,7,0,4,3,1,0,0
2024-03-13,Bournemouth,Luton,4,3,H,24,8,10,4,16,11,11,3,1,2,0,0
2024-03-16,Burnley,Brentford,2,1,H,17,9,6,5,14,17,5,4,2,4,0,1
2024-03-16,Luton,Nottingham Forest,1,1,D,10,16,4,6,10,17,6,7,1,2,0,0
2024-03-16,Fulham,Tottenham Hotspur,3,0,H,16,14,7,5,9,10,4,5,2,3,0,0
2024-03-17,West Ham,Aston Villa,1,1,D,13,13,5,5,13,12,7,11,3,3,0,0
2024-03-30,Newcastle,West Ham,4,3,H,24,10,9,4,9,8,3,4,1,1,1,0
2024-03-30,Bournemouth,Everton,2,1,H,11,7,4,3,14,11,9,8,1,2,0,0
2024-03-30,Chelsea,Burnley,2,2,D,33,18,13,7,12,7,12,4,2,2,0,1
2024-03-30,Nottingham Forest,Crystal Palace,1,1,D,12,10,5,3,14,12,4,6,1,1,0,0
2024-03-30,Sheffield United,Fulham,3,3,D,8,24,4,9,10,13,2,15,4,1,0,0
2024-03-30,Tottenham Hotspur,Luton,2,1,H,17,7,4,3,16,14,3,6,2,4,0,0
2024-03-30,Aston Villa,Wolverhampton Wanderers,2,0,H,11,13,5,3,11,19,5,4,3,4,0,0
2024-03-30,Brentford,Manchester United,1,1,D,31,11,5,5,7,14,14,4,2,2,0,0
2024-03-31,Liverpool,Brighton,2,1,H,30,9,8,3,20,6,8,4,5,3,0,0
2024-03-31,Manchester City,Arsenal,0,0,D,12,6,1,2,9,20,7,4,0,2,0,0
2024-04-02,Newcastle,Everton,1,1,D,18,10,6,3,9,14,7,3,0,3,0,0
2024-04-02,Nottingham Forest,Fulham,3,1,H,16,18,4,3,7,8,3,8,0,0,0,0
2024-04-02,Bournemouth,Crystal Palace,1,0,H,11,3,6,2,13,14,9,2,3,2,0,0
2024-04-02,Burnley,Wolverhampton Wanderers,1,1,D,13,8,6,2,10,12,7,4,0,2,0,0
2024-04-02,West Ham,Tottenham Hotspur,1,1,D,11,13,4,4,13,9,9,5,1,4,0,0
2024-04-03,Arsenal,Luton,2,0,H,13,5,4,1,12,8,3,1,1,1,0,0
2024-04-03,Brentford,Brighton,0,0,D,5,24,2,6,9,12,1,5,1,1,0,0
2024-04-03,Manchester City,Aston Villa,4,1,H,25,8,11,3,6,13,2,3,1,2,0,0
2024-04-04,Liverpool,Sheffield United,3,1,H,29,8,9,3,6,9,13,1,0,1,0,0
2024-04-04,Chelsea,Manchester United,4,3,H,28,19,10,5,7,15,12,3,3,0,0,0
2024-04-06,Crystal Palace,Manchester City,2,4,A,7,18,4,8,13,3,2,9,1,1,0,0
2024-04-06,Aston Villa,Brentford,3,3,D,11,8,3,3,15,11,11,3,2,2,0,0
2024-04-06,Everton,Burnley,1,0,H,12,6,3,1,11,13,3,5,2,1,0,1
2024-04-06,Fulham,Newcastle,0,1,A,14,12,4,5,10,13,14,3,1,2,0,0
2024-04-06,Luton,Bournemouth,2,1,H,19,8,9,1,7,14,7,2,0,0,0,0
2024-04-06,Wolverhampton Wanderers,West Ham,1,2,A,14,11,7,4,15,7,4,4,5,2,0,0
2024-04-06,Brighton,Arsenal,0,3,A,10,20,2,7,14,13,8,7,1,2,0,0
2024-04-07,Manchester United,Liverpool,2,2,D,9,28,5,7,9,10,6,11,5,2,0,0
2024-04-07,Sheffield United,Chelsea,2,2,D,11,6,6,3,12,10,7,6,4,2,0,0
2024-04-07,Tottenham Hotspur,Nottingham Forest,3,1,H,17,13,7,6,11,12,12,2,2,3,0,0
2024-04-13,Newcastle,Tottenham Hotspur,4,0,H,18,11,5,2,14,12,16,3,0,4,0,0
2024-04-13,Brentford,Sheffield United,2,0,H,9,8,5,2,8,11,3,6,3,1,0,0
2024-04-13,Burnley,Brighton,1,1,D,11,20,3,8,18,8,4,5,1,2,0,0
2024-04-13,Manchester City,Luton,5,1,H,33,4,13,2,7,6,12,1,1,0,0,0
2024-04-13,Nottingham Forest,Wolverhampton Wanderers,2,2,D,18,11,9,4,15,10,10,1,2,3,0,0
2024-04-13,Bournemouth,Manchester United,2,2,D,20,8,5,2,13,14,7,2,4,0,0,0
2024-04-14,Liverpool,Crystal Palace,0,1,A,21,8,6,5,10,10,11,1,1,1,0,0
2024-04-14,West Ham,Fulham,0,2,A,15,18,4,10,6,13,8,3,1,2,0,0
2024-04-14,Arsenal,Aston Villa,0,2,A,18,11,4,2,12,7,4,6,3,1,0,0
2024-04-15,Chelsea,Everton,6,0,H,14,10,10,2,5,21,4,8,1,4,0,0
2024-04-20,Luton,Brentford,1,5,A,6,21,3,9,13,9,4,9,1,2,0,0
2024-04-20,Sheffield United,Burnley,1,4,A,18,16,11,9,10,9,11,2,1,0,0,0
2024-04-20,Wolverhampton Wanderers,Arsenal,0,2,A,5,24,3,9,14,9,1,2,3,2,0,0
2024-04-21,Everton,Nottingham Forest,2,0,H,7,8,4,3,15,9,6,4,3,2,0,0
2024-04-21,Aston Villa,Bournemouth,3,1,H,14,14,4,6,8,14,8,4,1,3,0,0
2024-04-21,Crystal Palace,West Ham,5,2,H,18,4,7,1,9,9,4,0,3,2,0,0
2024-04-21,Fulham,Liverpool,1,3,A,12,14,5,7,5,11,1,4,3,0,0,0
2024-04-23,Arsenal,Chelsea,5,0,H,27,7,10,1,12,11,4,2,2,2,0,0
2024-04-24,Wolverhampton Wanderers,Bournemouth,0,1,A,15,21,4,6,10,17,8,12,4,1,0,1
2024-04-24,Crystal Palace,Newcastle,2,0,H,20,7,7,2,10,15,7,2,3,3,0,0
2024-04-24,Everton,Liverpool,2,0,H,16,23,6,7,6,13,4,13,0,3,0,0
2024-04-24,Manchester United,Sheffield United,4,2,H,25,10,13,4,7,9,9,4,0,1,0,0
2024-04-25,Brighton,Manchester City,0,4,A,7,14,3,6,10,3,4,4,2,0,0,0
2024-04-27,West Ham,Liverpool,2,2,D,11,28,8,8,8,10,5,8,0,2,0,0
2024-04-27,Fulham,Crystal Palace,1,1,D,9,14,2,4,11,15,5,9,0,2,0,0
2024-04-27,Manchester United,Burnley,1,1,D,27,16,10,7,7,11,6,5,1,3,0,0
2024-04-27,Newcastle,Sheffield United,5,1,H,20,15,7,5,9,10,4,5,0,0,0,0
2024-04-27,Wolverhampton Wanderers,Luton,2,1,H,13,9,5,6,14,14,4,4,3,1,0,0
2024-04-27,Everton,Brentford,1,0,H,18,10,1,4,10,12,6,6,1,2,0,0
2024-04-27,Aston Villa,Chelsea,2,2,D,9,21,4,5,13,14,2,4,3,5,0,0
2024-04-28,Bournemouth,Brighton,3,0,H,15,13,6,1,14,10,8,2,2,2,0,0
2024-04-28,Tottenham Hotspur,Arsenal,2,3,A,14,9,2,3,12,16,8,6,2,1,0,0
2024-04-28,Nottingham Forest,Manchester City,0,2,A,14,11,2,5,8,6,4,5,0,0,0,0
2024-05-02,Chelsea,Tottenham Hotspur,2,0,H,16,19,5,3,12,16,4,9,0,1,0,0
2024-05-03,Luton,Everton,1,1,D,18,10,5,3,14,12,8,7,1,3,0,0
2024-05-04,Arsenal,Bournemouth,3,0,H,25,7,9,2,16,12,6,1,2,3,0,0
2024-05-04,Brentford,Fulham,0,0,D,7,15,3,3,3,6,7,6,1,1,0,0
2024-05-04,Burnley,Newcastle,1,4,A,17,23,5,11,8,8,4,11,2,2,0,0
2024-05-04,Sheffield United,Nottingham Forest,1,3,A,17,15,5,4,9,7,5,3,0,1,1,0
2024-05-04,Manchester City,Wolverhampton Wanderers,5,1,H,20,2,12,1,4,17,6,0,0,4,0,0
2024-05-05,Brighton,Aston Villa,1,0,H,15,2,8,1,13,10,7,3,2,1,0,0
2024-05-05,Chelsea,West Ham,5,0,H,25,13,14,2,12,10,8,6,1,3,0,0
2024-05-05,Liverpool,Tottenham Hotspur,4,2,H,25,11,13,6,14,12,8,3,1,4,0,0
2024-05-06,Crystal Palace,Manchester United,4,0,H,18,7,10,2,12,8,6,3,1,1,0,0
2024-05-11,Fulham,Manchester City,0,4,A,1,16,1,9,9,6,1,7,1,0,1,0
2024-05-11,Bournemouth,Brentford,1,2,A,13,11,4,5,16,12,3,8,2,2,0,0
2024-05-11,Everton,Sheffield United,1,0,H,15,13,6,1,6,11,3,6,1,2,0,0
2024-05-11,Newcastle,Brighton,1,1,D,18,15,7,4,9,16,8,4,3,4,0,0
2024-05-11,Tottenham Hotspur,Burnley,2,1,H,21,7,9,3,10,14,9,3,3,5,0,0
2024-05-11,West Ham,Luton,3,1,H,24,4,8,1,9,15,7,6,1,3,0,0
2024-05-11,Wolverhampton Wanderers,Crystal Palace,1,3,A,13,13,7,3,13,12,8,3,3,2,0,1
2024-05-11,Nottingham Forest,Chelsea,2,3,A,20,12,4,5,14,8,5,6,2,3,0,0
2024-05-12,Manchester United,Arsenal,0,1,A,14,11,2,5,5,6,4,7,0,2,0,0
2024-05-13,Aston Villa,Liverpool,3,3,D,19,14,5,7,11,15,5,4,1,1,0,0
2024-05-14,Tottenham Hotspur,Manchester City,0,2,A,10,8,5,5,14,11,7,4,3,3,0,0
2024-05-15,Brighton,Chelsea,1,2,A,12,13,2,6,13,14,4,6,2,2,0,1
2024-05-15,Manchester United,Newcastle,3,2,H,17,21,8,8,16,7,9,9,3,3,0,0
2024-05-19,Arsenal,Everton,2,1,H,26,5,5,2,8,11,8,1,4,3,0,0
2024-05-19,Brentford,Newcastle,2,4,A,10,12,5,7,15,11,3,0,4,4,0,0
2024-05-19,Brighton,Manchester United,0,2,A,17,11,3,4,10,9,7,5,1,3,0,0
2024-05-19,Burnley,Nottingham Forest,1,2,A,20,12,3,6,11,5,4,3,1,0,0,0
2024-05-19,Chelsea,Bournemouth,2,1,H,16,22,6,5,5,9,6,5,2,3,0,0
2024-05-19,Crystal Palace,Aston Villa,5,0,H,15,8,9,2,10,8,2,4,1,4,0,0
2024-05-19,Liverpool,Wolverhampton Wanderers,2,0,H,36,4,14,3,14,11,10,2,1,1,0,1
2024-05-19,Luton,Fulham,2,4,A,15,15,6,7,15,20,4,4,5,4,0,0
2024-05-19,Manchester City,West Ham,3,1,H,28,3,12,2,3,12,11,2,0,1,0,0
2024-05-19,Sheffield United,Tottenham Hotspur,0,3,A,6,18,1,9,11,9,2,6,2,0,0,0
